Priority,Cafe Name,Phone,Email,Address,Website,Reviews,Rating,Price Range,Web/App Need
High,Shin Chan Cafe,+91 99991 00144,,Shop 1 Krishna Market Lajpat Nagar 1 New Delhi,,6,4.5,₹1–200,Immediate Need
High,Chaigadh,+91 98911 08885,,Block K 127 New Delhi,,10,4.8,₹1–200,Immediate Need
High,Cozy Cup Cafe,+91 84355 80355,support@cozycupcafe.in,3026/5A New Delhi,cozycupcafe.in,15,4.8,₹1–200,Immediate Need
Medium,Empire Cafe House Branch-7,+91 80761 13282,,Shop 06 Mukherjee Nagar New Delhi,empirecafehouse.com,20,5.0,,Short-term Need
Medium,Blends & Brews Cafe,+91 99580 53013,,K-65 Shop 1 West Patel Nagar New Delhi,blendsandbrews.com,33,4.9,₹1–200,Short-term Need
Medium,BON TEMPS Cafe,+91 99993 67991,,Shop 106 Shankar Rd Market Rajinder Nagar,,51,4.7,₹400–600,Short-term Need
Medium,Sip Out,+91 98911 08885,,16-B Bada Bazar Rd Old Rajinder Nagar,,83,4.7,,Short-term Need
Medium,Guliyano Cafe,+91 92125 08354,,863 Joshi Path Karol Bagh New Delhi,guliyano-cafe.business.site,309,4.6,₹200–400,Short-term Need
Low,Third Wave Coffee,+91 89519 41926,,M-44 GK-II New Delhi,cafe.thirdwavecoffee.in,1240,4.7,₹₹,Optimization
Low,AMA Cafe,+91 84489 94259,,House 6 Majnu Ka Tila New Delhi,,29750,4.5,₹₹,Optimization
Low,Triveni Terrace Cafe,+91 99715 66904,,205 Tansen Marg Opp FICCI Mandi House,redcedarhospitality.com,6533,4.4,₹400–600,Optimization
Low,Cloud Star Cafe,+91 95993 55049,,5096 Main Bazar Rd Paharganj,,187,4.7,₹200–400,Optimization
Low,Cafe Loco Moco,+91 99909 57579,,Shop 2 UB-26 Jawahar Nagar Kamla Nagar,,432,4.9,₹200–400,Optimization
Low,Nothing Before Coffee,+91 99719 14342,,Ground Floor Block 23 East Patel Nagar,nothingbeforecoffeeindia.com,443,4.8,₹200–400,Optimization
Low,Chai Chaupal Cafe,+91 88829 24571,,Shop 1 Vijay Nagar New Delhi,,24,4.7,₹1–200,Optimization
Low,Dripping Dose,+91 93551 55150,,28/7 East Patel Nagar New Delhi,,770,4.5,,Optimization
Low,Open House Cafe,+91 99996 11334,,C-37 Connaught Place New Delhi,openhousecafe.in,7959,4.1,₹₹,Optimization
Low,Cafe Delhi Heights,+91 98114 54033,cdhprom@gmail.com,Naraina Industrial Area New Delhi,cafedelhiheights.com,1424,4.2,₹₹₹,Optimization
Low,QBA (Qbic),+91 97173 23014,,1/6 Main Patel Rd East Patel Nagar,qbacp.com,1809,4.1,₹₹₹,Optimization
Low,Cafe Resto,,,Jaypee Siddharth Hotel New Delhi,,,761,4.7,,Optimization
Low,Chai 24/7,+91 85270 82708,,H-7 H-Block Connaught Place,,802,4.5,₹200–400,Optimization
Low,PEACE OF MIND CAFE,+91 70113 47942,,3308 Gali Hari Mandir New Delhi,,399,4.9,₹1–200,Optimization
Low,Letzz Coffee,+91 98911 08885,,Bada Bazar Rd New Delhi,,137,4.8,₹1–200,Optimization
Low,Sesh The Rooftop Cafe,+91 99993 67991,,Hotel Town Palace Inn BP 12 Connaught Place,,342,4.0,,Optimization
Low,Tim Hortons,+91 74285 83240,,Ground Floor PP Tower Lala Jagat Narayan Marg,timhortons.in,764,4.7,,Optimization
Low,Cafe Milkyway,+91 92125 08354,,Ground Floor 8A/3 New Delhi,,80,4.8,₹200–400,Optimization
Low,Josie's Coffee House,+91 99580 53013,,Shop 3 Central New Delhi,,184,4.1,₹1–200,Optimization
Low,House of Espresso,+91 99719 14342,,6A Shivaji Marg New Delhi,,99,4.9,₹200–400,Optimization
Low,Lite Brown Cafe,+91 88829 24571,,East Ave New Delhi,,255,4.6,₹200–400,Optimization
Low,Woodland Cafe,+91 93551 55150,,2168 Gurudwara Rd New Delhi,,75,4.7,₹200–400,Optimization
Low,Nobby's Cafe,+91 99996 11334,,Ground Floor 9/2 New Delhi,,597,4.9,,Optimization
Low,Mom's Cafe,+91 80761 13282,,22/20 New Delhi,,165,4.8,₹200–400,Optimization
Low,Nicckz Cafe,+91 80761 13282,,11A Shop 7 Shadipur New Delhi,,84,5.0,₹1–200,Optimization
Low,TREE HOUSE CAFE,+91 99715 66904,,J5RP+G2W New Delhi,,456,4.7,₹200–400,Optimization
Low,Empire Cafe House Branch-7,+91 63778 27754,,C 85 W Patel Nagar Rd,empirecafehouse.com,20,5.0,,Optimization
Low,Cafe Rosesto,+91 95993 55049,,Jaypee Siddharth Hotel New Delhi,,,761,4.7,,Optimization
Low,Le Winkies,+91 99909 57579,,Shop 1 14/3 New Delhi,,428,4.6,₹200–400,Optimization
Low,Bean Sahab Coffee,+91 84489 94259,,18/31 Ground Floor New Delhi,,113,4.5,,Optimization
Low,Tadow Cafe,+91 88829 24571,,3rd Floor Plot 68 Block 8 New Delhi,,14,5.0,₹200–400,Optimization
Low,Chai 24/7,+91 85270 82708,,H 7 H-Block Middle Cir,,802,4.5,₹200–400,Optimization
Low,IMPERIAL CAFE,,,,,216,4.7,₹400–600,Optimization
Low,Third Wave Coffee Janakpuri,+91 96209 48122,,A-3/27 Block A Janakpuri,thirdwavecoffeeroasters.com,,,₹₹,Optimization
Low,Third Wave Coffee Khan Market,+91 81477 38370,,Flat 46 First Floor Khan Market,thirdwavecoffeeroasters.com,,,₹₹,Optimization
Low,Third Wave Coffee CP,+91 80957 99943,,Shop 11 E Block Mezzanine Floor CP,thirdwavecoffeeroasters.com,,,₹₹,Optimization
Low,Third Wave Coffee Defence Colony,+91 89519 41873,,Shop 19 Block D Defence Colony,thirdwavecoffeeroasters.com,,,₹₹,Optimization
Low,Third Wave Coffee Hauz Khas,+91 96110 63829,,Ground Floor Block E2 Hauz Khas,thirdwavecoffeeroasters.com,,,₹₹,Optimization
